ym,Nivel General,Alimentos y bebidas no alcohólicas,Bebidas alcohólicas y tabaco,Prendas de vestir y calzado,"Vivienda, agua, electricidad, gas y otros combustibles",Equipamiento y mantenimiento del hogar,Salud,Transporte,Información y comunicación,Recreación y cultura,Educación,Restaurantes y hoteles,Seguros y servicios financieros,"Cuidado personal, protección social y otros productos",Bienes,Servicios,Estacionales ,Regulados,Resto IPCBA
2001-12,1.08043436233249,0.73414062628171,,0.72003801459924,1.54894901662025,1.29254515253306,1.70656755351375,1.44878526961864,,1.13136610461201,1.2403839264531,,,1.39234732339383,,,,,
2002-01,1.10520451896885,0.74959378102785,,0.71025301350669,1.55648406332766,1.33933724137808,1.71324862923253,1.50634053939445,,1.23214485686591,1.24124772120229,,,1.40708765848371,,,,,
2002-02,1.13991324001059,0.77946023994163,,0.71119188170045,1.57158396621292,1.43870802626349,1.76498465901097,1.52959229426648,,1.2814020348353,1.25630755961149,,,1.49950517881138,,,,,
2002-03,1.18500229093712,0.82021018397961,,0.77164941287396,1.584452095915,1.53845288926504,1.80621774054637,1.57566521595734,,1.33879025731672,1.26264312024488,,,1.57437364171427,,,,,
2002-04,1.30810791356476,0.92863903187567,,0.93875279443708,1.61595451929948,1.74480918653736,2.06776527581338,1.71876397896604,,1.4514854238309,1.28145377583095,,,1.74761556356579,,,,,
2002-05,1.36057277920845,0.97472504637202,,0.99148167149388,1.64029423313565,1.81867165651508,2.1521698706321,1.78507453915663,,1.52527759437898,1.2955617675205,,,1.82325042222556,,,,,
2002-06,1.40985303955994,1.02106504469661,,1.03024378615264,1.69365318522431,1.87552103166868,2.16191112845342,1.87879920540003,,1.58957259491346,1.30601978367531,,,1.87757989747619,,,,,
2002-07,1.45480835560629,1.06307619456192,,1.05535950070291,1.69924105482483,1.93179298934611,2.17985847947301,1.93549329906948,,1.70232633877017,1.31431831295714,,,1.96984043076822,,,,,
2002-08,1.48887946026093,1.1126123105498,,1.05677012820372,1.75610965022574,1.95205233074677,2.19802841299658,1.97639916412211,,1.69571473958667,1.31870861371827,,,1.98560192914711,,,,,
2002-09,1.50899068305605,1.14465320473462,,1.10199460474648,1.7559774761587,1.9539503489579,2.20547183379149,2.00166032990901,,1.69803236487827,1.32261930179121,,,1.95665052954468,,,,,
2002-10,1.5122888586971,1.14106776879448,,1.14176086572144,1.75639649607338,1.96368080039839,2.20648654814788,2.01041562032378,,1.71376929529231,1.32479600552992,,,1.93746820890332,,,,,
2002-11,1.51998846479661,1.1526750151343,,1.14920326063104,1.75473166527141,1.98613377565588,2.19596952483474,2.0208932629513,,1.71541455456525,1.3260626749372,,,1.94770974408596,,,,,
2002-12,1.52283467680449,1.15953628628966,,1.14287868897909,1.75136263266879,1.99340536798733,2.18244436444574,2.00955444421741,,1.74280837614373,1.32414422418443,,,1.95664155885693,,,,,
2003-01,1.54292503973962,1.17750981340427,,1.11746844780777,1.77419781191196,2.00463047423455,2.21399870765726,2.03022267077032,,1.82656124176372,1.3261881121018,,,1.95246719882336,,,,,
2003-02,1.55165836778987,1.19160684281938,,1.10883761214658,1.78561540153355,2.01785029539944,2.22998209540642,2.03452855130218,,1.80679775576065,1.32012285626037,,,1.97367091443799,,,,,
2003-03,1.56071618255111,1.20587999240736,,1.16979945556947,1.79539628249509,2.01925101626268,2.24325848711451,2.02720855439802,,1.76518492099206,1.33148106853763,,,1.97354532480947,,,,,
2003-04,1.56157839009748,1.20281920919269,,1.2205768784646,1.7957674947685,2.0199389442606,2.24271839721514,2.02591679023846,,1.75456968778835,1.33033737674271,,,1.95875565093696,,,,,
2003-05,1.55558929251737,1.19118415440452,,1.23098348574157,1.79564656955823,2.01647167664055,2.23656791890659,2.01816620528112,,1.75371140237816,1.33248702540671,,,1.95374701694253,,,,,
2003-06,1.55425657924006,1.18186090862222,,1.22949018410152,1.83228972048662,2.01147936382029,2.23931419421307,2.01845326398325,,1.75335484464099,1.33418657600948,,,1.94318851745935,,,,,
2003-07,1.5611588751354,1.18225393469218,,1.20337204561295,1.83174696314746,2.00780212620891,2.24213248150613,2.01773561722794,,1.81942499333838,1.33827189229196,,,2.0315946452476,,,,,
2003-08,1.56153898813971,1.18807146208627,,1.17852674439311,1.82985434299591,2.01055107543755,2.23984446429609,2.01500855955776,,1.78561313249086,1.34347384529465,,,2.09535231332476,,,,,
2003-09,1.56215783065283,1.19242811899388,,1.20819987086905,1.82764394264059,2.00219371722986,2.23813581625081,2.00984150291953,,1.76099791442131,1.34462737529856,,,2.08587926705947,,,,,
2003-10,1.57136629995846,1.21003457459032,,1.22725109283041,1.82968279793016,2.00128476818843,2.23814236279505,2.00869326811104,,1.76006577062271,1.35210687368209,,,2.08011709529394,,,,,
2003-11,1.57524159839265,1.21702191071151,,1.22714258302266,1.82967154907339,1.99537798080065,2.24391968808222,2.0107026790259,,1.76397517152667,1.35432047070451,,,2.08080783825079,,,,,
2003-12,1.57858612927814,1.21368489690994,,1.22730448654534,1.83120983023669,1.99680080376824,2.2492649414499,2.01314267799395,,1.8180624334142,1.35257664816129,,,2.07702519824902,,,,,
2004-01,1.58522188251802,1.21834373895625,,1.1885854313341,1.83271998925807,2.00264681036906,2.25941863155801,2.01472150085563,,1.88882386319634,1.35275373592308,,,2.08520048501963,,,,,
2004-02,1.58681650292634,1.22262809389817,,1.16346282727222,1.84775127411703,2.00205557907767,2.26898967922922,2.02031914554705,,1.88014932281922,1.34773133023444,,,2.08283521368256,,,,,
2004-03,1.59623125306968,1.22733884504806,,1.24303840866966,1.85423624004496,2.01776741250813,2.31667798070731,2.02778267180227,,1.80484687557014,1.37450847554897,,,2.11831129350938,,,,,
2004-04,1.60992691003596,1.23878480238747,,1.27411010600109,1.86184890386408,2.03185197850575,2.31706422681716,2.04041325469571,,1.82848155986247,1.38619626782735,,,2.15034262923973,,,,,
2004-05,1.62168955330958,1.25040317210664,,1.28906723569212,1.9023110416659,2.04150507258101,2.32892656497054,2.05046030927004,,1.81066131352697,1.39829480533099,,,2.16458210093016,,,,,
2004-06,1.63086789170634,1.25897929757669,,1.29368493084432,1.90599785447228,2.05253402265212,2.33658274845309,2.05706265941889,,1.83347591502382,1.39954425787254,,,2.19154200785182,,,,,
2004-07,1.63838439459035,1.25512690053243,,1.27087892505909,1.90893380608926,2.05575540436126,2.33934211684804,2.05892854098269,,1.93273394852869,1.40518401117521,,,2.24366469391565,,,,,
2004-08,1.64401192126392,1.27074968681348,,1.25202405417842,1.91363020379075,2.06884813842614,2.34844508660647,2.06739677269535,,1.89786514867455,1.41404577792163,,,2.23469101593518,,,,,
2004-09,1.65435841182027,1.27922014017982,,1.30944985577085,1.92067198812879,2.08018375519511,2.35001298395069,2.07098500647189,,1.89352787848599,1.43599974127954,,,2.24359890887214,,,,,
2004-10,1.66090609009574,1.28172660832412,,1.33587974465948,1.92507029112587,2.08636405612424,2.3596396772479,2.07730029791862,,1.91170977624062,1.44541244772932,,,2.23566882090006,,,,,
2004-11,1.66094317429128,1.27882896800641,,1.34189084353347,1.92480875520597,2.09991817161744,2.36650372887805,2.07672618051437,,1.90514911387672,1.4498888328191,,,2.24075221062575,,,,,
2004-12,1.67482888775971,1.28723824278639,,1.34687540517854,1.9279865572435,2.11162399863429,2.37269348645201,2.0818932371526,,1.96559329084978,1.45080624580728,,,2.32026838685255,,,,,
2005-01,1.69971470073092,1.2963482904647,,1.32070387297504,1.97121591381075,2.13443060756139,2.42251268807851,2.10528852137568,,2.07900666652025,1.44987407550562,,,2.39642354540189,,,,,
2005-02,1.7157930172608,1.31958688379958,,1.30002672627527,2.0110649889186,2.15563205116001,2.45084285825442,2.11232145957771,,2.07659226127142,1.45192780163197,,,2.39617535637411,,,,,
2005-03,1.74231517036032,1.35468114561285,,1.37398563333801,2.01858484966937,2.18066268433742,2.46711756722203,2.133850862237,,2.03015825652812,1.53846222834285,,,2.41042678898154,,,,,
2005-04,1.75085844190842,1.35961992603918,,1.4218625718481,2.02308158016319,2.208160464913,2.47059050893856,2.14892144409849,,2.00635293389014,1.56336027574058,,,2.41696343012293,,,,,
2005-05,1.76137644686915,1.36241374814973,,1.43610663708817,2.06927782270354,2.21588791314669,2.48677356628688,2.1647096727153,,1.99767329983106,1.60015025825319,,,2.42460645608697,,,,,
2005-06,1.77750807193012,1.37297910462483,,1.43831817031287,2.15497442579186,2.22544431051542,2.48793557788855,2.17719672625769,,2.00691833258765,1.61332607964108,,,2.43939014950097,,,,,
2005-07,1.79535715879715,1.38898564749307,,1.397316964383,2.19431449013087,2.2333292362426,2.50149019772662,2.19599907124679,,2.08524642692071,1.62067768130776,,,2.448800400952,,,,,
2005-08,1.80320046615438,1.40864622047404,,1.37914759990688,2.20979854147483,2.24598821650959,2.50923803282845,2.21566259234227,,2.02559686433334,1.62936973894913,,,2.4564942608133,,,,,
2005-09,1.82417157873364,1.44419468694363,,1.44110670013436,2.18271129437258,2.25861404362005,2.52725739583462,2.22513552951235,,2.01631362896205,1.63797079315735,,,2.46922067650302,,,,,
2005-10,1.83842581639527,1.44703300257153,,1.49591965445119,2.19514971774605,2.27240299397198,2.5517774772659,2.23590023084199,,2.05136325452575,1.66522509160783,,,2.4855862011905,,,,,
2005-11,1.86060448309189,1.47815436406436,,1.51671564522612,2.2059036248182,2.28210581778203,2.57685728822926,2.24508610930995,,2.07165648345261,1.68229192465069,,,2.4937256052101,,,,,
2005-12,1.88131832406457,1.4892925745754,,1.52566339842107,2.21572387677844,2.30468864290258,2.63989396266573,2.27307433276702,,2.14992600044314,1.67887314702717,,,2.485616103483,,,,,
2006-01,1.90532106962943,1.5023773764707,,1.49025647591318,2.23245936343806,2.31787531091094,2.68735640836772,2.29804843985179,,2.30370680564309,1.68034395927096,,,2.4933219242613,,,,,
2006-02,1.91287233894676,1.51695641899049,,1.45906765688448,2.24153437863729,2.33690798552013,2.71371934200108,2.307808435724,,2.28178359848916,1.68603290361858,,,2.50201751092148,,,,,
2006-03,1.93592943752529,1.54003001553185,,1.54764610756969,2.25545202667602,2.35712035994904,2.73049486160265,2.32948136773434,,2.21027339745897,1.84687286326758,,,2.51427745084814,,,,,
2006-04,1.95475662004975,1.54759020568898,,1.63299165493499,2.27909993582082,2.37495399539718,2.74482852020465,2.34082018646823,,2.24249093585315,1.85922719420493,,,2.53827404058265,,,,,
2006-05,1.96390482753763,1.54265142526264,,1.66768206823612,2.32917140951844,2.39301417741492,2.76624553966866,2.35603429768079,,2.23389280070542,1.882755271001,,,2.54690384219932,,,,,
2006-06,1.97341460593205,1.55100693704248,,1.67141790590308,2.34790356825475,2.40954655146941,2.77262187375331,2.36636841095724,,2.24363956113503,1.88650362862564,,,2.5636551064601,,,,,
2006-07,1.98559212864331,1.55125906697416,,1.62427125562296,2.40627107382027,2.42168060675806,2.77687058096167,2.37641546553158,,2.31218523926477,1.96166508574577,,,2.56701612413755,,,,,
2006-08,1.99676142478825,1.56309248869387,,1.6106696373399,2.42027871271316,2.43402739480109,2.8162054919962,2.38789781361653,,2.29293112145765,2.01850041907252,,,2.58460166235919,,,,,
2006-09,2.01471944647969,1.5755673586221,,1.70283235643679,2.43115916942397,2.44378823663507,2.81893867421421,2.40325545418015,,2.30895839174339,2.0321140407604,,,2.596111054744,,,,,
2006-10,2.03196359740693,1.59552640894865,,1.73462056297498,2.43812221176463,2.46796793879497,2.82856209423931,2.41588603707359,,2.33349465774256,2.02525926864764,,,2.60727358053577,,,,,
2006-11,2.04634299422852,1.61725778438315,,1.7429189797013,2.44513587396074,2.47917370570088,2.84441782437589,2.4298083841266,,2.33460508040975,2.02274806580331,,,2.61579872412868,,,,,
2006-12,2.06642176835254,1.64602655114587,,1.74782947909664,2.45489988163713,2.49752121507519,2.85183505899387,2.437702498435,,2.38021900235756,2.01291231636703,,,2.61939297968767,,,,,
2007-01,2.08946857098419,1.67170388386003,,1.71065605075911,2.47135443143734,2.50365452827942,2.87946960212336,2.47869171868117,,2.44971590119658,2.01247771852974,,,2.6567299697231,,,,,
2007-02,2.10326419227777,1.69713782953425,,1.71241975356344,2.47393165008074,2.52097211850312,2.89440719300416,2.47743051190436,,2.46624381696632,2.00711767853654,,,2.64783099800481,,,,,
2007-03,2.12517488492053,1.71490508345021,,1.78174684071848,2.48820547641344,2.52476034136456,2.91457294069325,2.52787878297657,,2.38459989569412,2.07940578547192,,,2.67491482497351,,,,,
2007-04,2.1733784087346,1.79473603255207,,1.81213679673165,2.5308287078236,2.55723082303401,2.95838987394362,2.53313381121326,,2.40451304722392,2.08592475303122,,,2.68942401799246,,,,,
2007-05,2.21866050686297,1.84329174702103,,1.84944589451567,2.5776151385808,2.60521497927886,2.97507018376052,2.57538423823624,,2.39555212903551,2.29902255924755,,,2.73933564197765,,,,,
2007-06,2.27757592485794,1.94052486947893,,1.86152047525305,2.6083435147137,2.63732467781865,3.00494536552213,2.61658365961187,,2.40451304722392,2.34349640459658,,,2.77280351387469,,,,,
2007-07,2.33567983571799,2.02473678529979,,1.87942884218938,2.63471044391161,2.64868934640296,3.0415424631801,2.67039514875556,,2.46345597575215,2.3756566445558,,,2.8169114606523,,,,,
2007-08,2.41325991781605,2.11771063455866,,1.91212517879283,2.66266335381316,2.80003786929556,3.09581571004703,2.74291453842186,,2.54729034369262,2.41752290288111,,,2.8399327135757,,,,,
2007-09,2.4616257430571,2.18026110382444,,1.98606502712844,2.67059325733133,2.84874359179974,3.10726786305565,2.78285275302069,,2.56700436370713,2.42925704448785,,,2.87359404137966,,,,,
2007-10,2.4968451527125,2.22394907749451,,2.0198467193038,2.71341473632944,2.86858666393107,3.11722625697619,2.8236317721374,,2.57716007098733,2.42998137421666,,,2.88674904305017,,,,,
2007-11,2.48678246423953,2.151419739591,,2.07058709229007,2.74989229251302,2.88049250720987,3.13291072740103,2.87912487031682,,2.59926366918541,2.48358177414871,,,2.90996375188049,,,,,
2007-12,2.51112767828704,2.15908643134926,,2.10423311501893,2.79291201909908,2.91621003704626,3.21183099922129,2.90792242505388,,2.6106141655574,2.48589962928091,,,2.99566471864575,,,,,
2008-01,2.56192802493284,2.22601786733404,,2.08591773974314,2.8313720511622,2.94344916333563,3.23349050599846,2.94113420350975,,2.77071590385703,2.48503043360633,,,3.02758494328744,,,,,
2008-02,2.61922042865798,2.33578542234909,,2.13625110438995,2.88251992885439,2.98692353045973,3.25041977566337,2.91527946458524,,2.75956453900034,2.49183913305716,,,3.05911825611529,,,,,
2008-03,2.72569016475908,2.51102409110926,,2.24098791707819,2.89897447865459,3.05493115040074,3.29597942784983,2.94239541028655,,2.75637843475557,2.75882707109706,,,3.09200576029158,,,,,
2008-04,2.80716548110474,2.60691858484747,,2.31859084046896,2.94952761358292,3.11301723427609,3.33008692702767,3.04791637727925,,2.77848203295366,2.86979438555098,,,3.13766135432454,,,,,
2008-05,2.81414444246503,2.55495545181928,,2.3793707524953,3.00166672921488,3.1398955774358,3.38137265571844,3.11539093983833,,2.8151222317685,2.89036534984922,,,3.19240937598271,,,,,
2008-06,2.88231104179805,2.60229423108852,,2.42834742267723,3.16779820792052,3.16352687242857,3.43838446091351,3.18601851933942,,3.00111106705687,2.89978163632377,,,3.22819871876278,,,,,
2008-07,2.92272409711692,2.63028374068216,,2.42454867817559,3.21359340073794,3.25083638980642,3.48942122975627,3.23310357234015,,3.09968116712941,2.91962827089321,,,3.29378027120843,,,,,
2008-08,2.94658240688348,2.63308269164152,,2.44951185632926,3.30042584426189,3.27536964262334,3.49863274413276,3.26526434514869,,3.14906578292332,2.9619291270558,,,3.34756101333201,,,,,
2008-09,2.97839348657222,2.63137898236191,,2.58721634451393,3.317276889238,3.35762819618595,3.57730405610501,3.2755642004926,,3.20601739629856,3.0568163215301,,,3.34465917472822,,,,,
2008-10,2.99575973925944,2.6454954306787,,2.60851644761244,3.18861420465571,3.38919672003125,3.60917091665073,3.30478215748858,,3.27312471695401,3.15474328477974,,,3.42707139107585,,,,,
2008-11,3.01491130764349,2.65510921875651,,2.64365483425267,3.25443240385651,3.40885940059775,3.62186786889941,3.31255959927888,,3.27690821574467,3.2465907104787,,,3.49420059077686,,,,,
2008-12,3.02838232608311,2.64975470387773,,2.62968088126447,3.31787163200186,3.45467885806464,3.67091295895806,3.3260124715648,,3.34301987882362,3.23152465211942,,,3.51702838779334,,,,,
2009-01,3.06343943431152,2.67737913291145,,2.58884437787178,3.35157372195408,3.48678855660443,3.75655514667468,3.36174666357428,,3.50232509106206,3.25977351154307,,,3.54991589196962,,,,,
2009-02,3.06311483145755,2.66825211891353,,2.54773653558611,3.36961425245792,3.49346304450315,3.7717416974035,3.37772194941382,,3.48360672862404,3.30366789310904,,,3.64006634459403,,,,,
2009-03,3.13468976075723,2.72155388066141,,2.73821643845436,3.59680598825346,3.54577659830393,3.80784087536544,3.41219493464649,,3.40096714977535,3.54414536307444,,,3.67624259918794,,,,,
2009-04,3.19181986305538,2.78045354432802,,2.79601162265797,3.64973809423723,3.62045870614366,3.9126529713791,3.45108214359799,,3.4372090855596,3.57268395438961,,,3.7509165792588,,,,,
2009-05,3.21941110564256,2.78690330088656,,2.84810869010912,3.73696703293709,3.76332882548924,3.94153231374866,3.46474521701338,,3.41510548736152,3.57369801600995,,,3.78728628975963,,,,,
2009-06,3.23645275547581,2.78264402768753,,2.90142678257865,3.77820253123157,3.807163975743,3.9701626962702,3.48282251414758,,3.44836045041629,3.60325066894546,,,3.79579834966408,,,,,
2009-07,3.26891304087249,2.80795627984177,,2.86099728752542,3.8101203928922,3.8703010234336,4.00725771362421,3.53411158973766,,3.57202112141638,3.6061479878607,,,3.80450386547545,,,,,
2009-08,3.32961377456428,2.87196707134722,,2.91879247172903,3.86939642169051,3.92243418566955,4.09414470058089,3.59044549243496,,3.58715511657903,3.63758389809112,,,3.92618763092771,,,,,
2009-09,3.38090102549103,2.90421585413989,,3.03275480677841,3.95186741827947,4.00180647419487,4.17779520951341,3.62302666750243,,3.61383873962897,3.67843609479608,,,3.9921560951872,,,,,
2009-10,3.43705731922729,2.96773987156545,,3.07426965740355,3.98398352752805,4.07324153386766,4.19422655948229,3.71467435995027,,3.60686913659353,3.69755839963671,,,4.04477610186925,,,,,
2009-11,3.47649656598425,2.97650180500346,,3.144546430684,4.07597040833881,4.09975909389771,4.29654905701581,3.75776559149112,,3.68871218938103,3.71465258123666,,,4.11422677245329,,,,,
2009-12,3.58783534489486,3.1611108748015,,3.16855992271226,4.12156735356828,4.14521776823494,4.3408639099622,3.80863426482226,,3.82312596220721,3.7310224331078,,,4.1573674396963,,,,,
2010-01,3.66736304411672,3.29302665045152,,3.12433168315738,4.21989815719358,4.14990794892053,4.36600885461156,3.84436845683174,,3.98024072777737,3.74232197687725,,,4.1703289854599,,,,,
2010-02,3.82706764826838,3.63766269901319,,3.09556976050206,4.25062653332648,4.19807249673021,4.39862259470132,3.85466831217565,,4.00234432597546,3.74999987200266,,,4.20128193056699,,,,,
2010-03,3.92769453299808,3.74560485122865,,3.26664893252262,4.27897593840394,4.33769556790884,4.47082095062522,3.89103310757354,,3.98482075262923,4.25326416758085,,,4.35024297889487,,,,,
2010-04,3.98141630532958,3.77980073034088,,3.32471545561921,4.33666598649861,4.39487969396004,4.54550890502925,3.96964832999439,,4.04575499631043,4.32352415127556,,,4.44019997561236,,,,,
2010-05,4.04438925899914,3.84867926264523,,3.41859871258846,4.38979634007035,4.47948333786544,4.61397286323294,4.03270866883465,,4.0178765841687,4.38741003335674,,,4.47115292071945,,,,,
2010-06,4.08837294571164,3.88676933439657,,3.43813511288264,4.44689164540116,4.51195381953489,4.62816357456971,4.07264688343349,,4.05272459934586,4.57167951636637,,,4.61566448318818,,,,,
2010-07,4.14826217226851,3.91062126431115,,3.47069578003961,4.52738016611058,4.56697324680812,4.69090145626909,4.18258207414501,,4.1917183970239,4.68742740703044,,,4.72728854148063,,,,,
2010-08,4.19224585898101,3.95065843238205,,3.43080896277232,4.57139113063641,4.6275848125911,4.83604504766092,4.22462230003852,,4.26997708253603,4.78984763068438,,,4.79557847662316,,,,,
2010-09,4.2587894440442,4.01345228868777,,3.6553418967089,4.58625969973298,4.73203152862783,4.88708181650368,4.25405045816397,,4.25165698312861,4.83707392900288,,,4.83581730526237,,,,,
2010-10,4.39788176696897,4.24114086455602,,3.75573728710955,4.63780407260108,4.8081567689862,4.98492303677295,4.28179700725368,,4.2731631867808,4.91689506511791,,,5.06080652500955,,,,,
2010-11,4.48130470043843,4.36332115860825,,3.80837703234664,4.6719026577292,4.82727827485821,5.09048201233065,4.31963321055784,,4.33111045773253,5.01714229958541,,,5.16256433204912,,,,,
2010-12,4.55758637112062,4.44655952626933,,3.89520547809855,4.6931151496403,4.87237616606578,5.16965124399892,4.35179398336637,,4.5178958190821,5.13636697294778,,,5.21924691277648,,,,,
2011-01,4.60773751205849,4.46615218298488,,3.88584428629092,4.75278767361453,4.92559167769071,5.21944321360161,4.45857615713588,,4.70667249558465,5.1531714226562,,,5.26877162494782,,,,,
2011-02,4.65740174871541,4.51896717065287,,3.9053806865851,4.80849524582966,4.95752098466567,5.29985724450994,4.48653290735506,,4.79628167746877,5.17562564424936,,,5.36878832882511,,,,,
2011-03,4.78123773750374,4.66366076589999,,4.12421550376921,4.87570117814614,5.12185770022606,5.40641205945969,4.50650201465448,,4.74829098228194,5.73118654624774,,,5.50594856683092,,,,,
2011-04,4.90539832914603,4.79156065539092,,4.31008264545689,4.93854566352763,5.19924568153824,5.55653484781179,4.66772628095608,,4.76880152835764,5.88720716983373,,,5.57462541378728,,,,,
2011-05,4.9907688797393,4.86287305809471,,4.42770805556143,5.0378677050927,5.28871989769406,5.62450088631946,4.77492885698452,,4.87434123146561,5.92023660546753,,,5.59319718085153,,,,,
2011-06,5.06591444043261,4.93248175151888,,4.5214556430842,5.09932445735851,5.39370778842528,5.67055845820195,4.84051160937839,,4.97390698911463,5.99397337186054,,,5.65935910101794,,,,,
2011-07,5.15404411528459,5.03044503509662,,4.55008189629303,5.13619850871799,5.4986956791565,5.71960354826059,4.9472937831479,,5.08422584858975,6.00005774158255,,,5.8191536801333,,,,,
2011-08,5.27934081691577,5.13607501043261,,4.64993460890773,5.20122371756698,5.68666368970965,5.93868821451241,5.07656747777043,,5.29749570147396,6.06988312743998,,,5.95960266855673,,,,,
2011-09,5.3806169073534,5.23756740608954,,4.81612968085474,5.30133874948386,5.80518094780314,6.04300239083004,5.16947637699508,,5.31143490754482,6.14883506788042,,,6.02363657374703,,,,,
2011-10,5.43985692820234,5.25144046736639,,4.96183866638216,5.40066079104892,5.9908038680135,6.06291917867111,5.23674073842469,,5.34289768696191,6.24039034560219,,,6.10179276014244,,,,,
2011-11,5.5154893931766,5.28831360391801,,5.09995016290629,5.44942969768566,6.19500711940137,6.14532488836356,5.30926012809099,,5.40343366761252,6.24546065370387,,,6.34535374695387,,,,,
2011-12,5.61838849788407,5.42290663700742,,5.15652432209152,5.51861810588168,6.26337552247205,6.27304129039445,5.41162807814168,,5.48049756403286,6.24589525154116,,,6.37882161885091,,,,,
2012-01,5.68330906867743,5.44505485764238,,5.1760607223857,5.57948011538363,6.41544561162397,6.37113147051174,5.49844114461177,,5.72961108967072,6.3041313617376,,,6.43124816962605,,,,,
2012-02,5.76689430357388,5.54496523753967,,5.28147588230638,5.67483720518961,6.5097904000302,6.48017588394162,5.55393424279121,,5.72323888118118,6.32615098549347,,,6.48290089677351,,,,,
2012-03,5.96230522166188,5.79589727572264,,5.4186376927051,5.82372114374323,6.551460851506,6.5576023966738,5.73996224236997,,5.6907804441876,7.23446046542303,,,6.66010650751161,,,,,
2012-04,6.08159677049467,5.93414111441122,,5.49474825218451,5.95912424631597,6.62325669430845,6.71917733803452,5.81668565462562,,5.75589644969006,7.39526166521918,,,6.90057219981233,,,,,
2012-05,6.1976422907878,6.03843246102751,,5.62241320132911,6.04357771878447,6.86714608995898,6.8190102370879,5.89761308947062,,5.95682014862579,7.41757102086657,,,6.98279096025305,,,,,
2012-06,6.28041601854933,6.13712590572508,,5.68170074944409,6.11851530703116,6.96509870966182,6.93452760656614,5.96697946219491,,5.98370290319103,7.48420935591722,,,7.03425023149359,,,,,
2012-07,6.43638768988037,6.24944902465955,4.94375554759214,5.77246360914413,6.12922067678069,7.16316864784547,7.00348948446586,6.07334123370548,7.99591067582812,6.11333751965006,7.61212598602533,7.03487906009476,9.52787586151087,7.12033811007269,5.81388310654954,7.13694119058689,6.12607116981132,5.99074935787371,6.59007558874628
2012-08,6.58509262620965,6.37884504968715,5.04218816329906,5.72840700881993,6.47018466419513,7.21972511144131,7.09053777227946,6.23234952909624,8.19706081427546,6.2224849634338,7.69820502570282,7.29089621165019,9.52031405527157,7.26191360332295,5.89588574276047,7.3593297136772,6.25372,6.11841028712051,6.74573273784076
2012-09,6.68365287470697,6.48333640044166,5.10901397579734,5.840121959642,6.49349380800883,7.37054234769688,7.30945771998978,6.32875177090109,8.20785047687417,6.28138135636662,7.74906991278497,7.37851373196407,9.87487874782515,7.44505254413292,6.00280057225066,7.44905418985196,6.34865211320755,6.1397784254923,6.8589379371822
2012-10,6.78221312320429,6.61110820758189,5.26117815695895,6.03680321108931,6.53035477962121,7.43099925705795,7.35168263572026,6.36808831784445,8.44830581478823,6.43051350727906,7.76863333089349,7.49844409664901,9.91352797971487,7.56000145379024,6.10971540174086,7.53813777691119,6.54334339622642,6.22853838488278,6.94737949916771
2012-11,6.92284879942268,6.81792528524107,5.32303718609587,6.24344964594328,6.74772609751181,7.90425334323923,7.38546256830464,6.5337450437045,8.4298092503333,6.4591512029253,7.75624316609143,7.46550985142465,9.9857852393348,7.6190994807892,6.25088449699006,7.67913338232868,6.88928245283019,6.47618962960191,7.04466521735176
2012-12,7.05944984558563,6.87314869341185,5.3907660501144,6.34782183004465,6.77157731443746,8.23969167904903,7.66349739803763,6.74427867523233,8.43597477181827,6.67042175005126,7.76732910301959,7.61526745706751,10.0891299246052,7.71716323987539,6.32717808890782,7.88229523195296,6.99762305660377,6.6312456080433,7.1820444436359
2013-01,7.22141142352567,6.99713065881487,5.54293023127602,6.25393931268713,6.93419924802145,8.31900074294205,7.72456112232479,7.24734324740936,8.60706799302636,6.82279590424441,7.83710529427331,7.80417331646764,10.2176806306732,7.89121017653167,6.43097889423811,8.10852908973648,7.20357747169811,7.03724023710718,7.29583925339058
2013-02,7.30037489746796,7.0713032756717,5.62872012569948,6.12124502837735,7.01117362991788,8.35995542347697,7.91619727833234,7.31382755210236,8.67951287047482,6.95517770487321,8.05817191889959,7.90049044872757,10.4882252539012,7.96784278296989,6.47613224455679,8.22517090876367,7.01049520754717,7.10846736501312,7.41022367355849
2013-03,7.41334453902044,7.14926573426573,5.63413843482096,6.59380451518808,7.07568033023953,8.36580609212481,7.9720640899142,7.36535288823943,8.68799046251666,7.23939332581505,8.30858367068866,7.94585271101773,10.6411417800736,8.01135451713396,6.61418731564607,8.31105005024523,7.37037909433962,7.12271279059431,7.51104705422196
2013-04,7.56204947534973,7.20124070666176,5.66303608346886,6.83401788362239,7.12609312965057,8.84751114413076,8.06041160590413,7.60802060036888,8.68721977233104,7.42742951609596,8.69267877955261,8.03595583474476,10.8360683409088,8.08993541017653,6.74705234646884,8.47768122028407,7.53074464150943,7.2514695218089,7.66257693042379
2013-05,7.67501911690221,7.25808833271991,5.809781955509,7.08944126883529,7.22312421668902,8.92747028231798,8.16434986000992,7.69057194536269,8.69723874474413,7.43553452429772,8.76180285686938,8.3895329202667,11.0133506871856,8.20098774662513,6.8576002041456,8.5930412610802,7.59403271698113,7.29694530347193,7.79406005257557
2013-06,7.81968942317605,7.45516010305484,5.84861317087962,7.26252077010892,7.29467786746597,8.94632243684993,8.44563276018371,7.75373203482104,8.76197672033637,7.59385235117217,8.89939889756597,8.61820843427738,11.1343395870143,8.38802326064382,6.99669328328819,8.74429109234623,7.69647358490566,7.34516059005441,7.96209902034802
2013-07,8.01162253867083,7.69608575634891,5.9000871075337,7.24363936996998,7.57438759323044,9.0587852897474,8.49305458861948,7.84514795377391,8.80821813147369,7.86780162839177,9.43608866767639,8.99602015307763,11.2612098916958,8.55622533748702,7.12800130203101,9.00385118413751,8.00272350943396,7.39666328254025,8.16610422332791
2013-08,8.17819512238851,7.96895436142804,5.98497395043692,7.22947831986577,7.66979246093305,9.41307578008915,8.52943297755651,8.08670759415848,9.06100451235771,7.87698730435377,9.75888506646698,9.21972446026199,11.4351314351995,8.70234683281412,7.28785454223965,9.17753213444723,8.17542486792453,7.52432421178705,8.33944968481949
2013-09,8.35283696621709,8.13570739786529,6.14481406952063,7.5850780224825,7.75327172017283,9.52423848439821,8.90945721913081,8.15042171948927,9.1272838683212,8.04503114107033,9.69628212851971,9.5074330553352,11.6745886327772,8.91471007268951,7.4669109314344,9.34800863917928,8.4553941509434,7.56432098361116,8.52576657540227
2013-10,8.53670082160098,8.35876665439823,6.39179866030818,7.94120220843642,7.80802110447944,9.599647102526,9.1524128881031,8.26344503746737,9.12111834683622,8.22172031986877,9.79083864937756,9.88089496816242,12.3517903915407,9.0160209761163,7.65894242129544,9.52297136772007,8.88714754716981,7.66897007153451,8.69439515358797
2013-11,8.73958507581768,8.61755870445344,6.44959395760399,8.1693524601153,7.97172718428733,9.77581723625557,9.17514938118874,8.62910871327886,9.20974771818275,8.31681908276946,9.86648386606384,10.229500846858,12.6601440459652,9.19006791277258,7.85875897155625,9.72997855203756,8.93005471698113,7.90949860346304,8.91137178565906
2013-12,8.93728194853452,8.96243430253956,6.52725638834523,8.26533291082158,8.06279546709437,10.0475482912333,9.35119479908042,8.95266566278479,9.21745462003897,8.47405624188367,9.86322329637908,10.349431211543,12.7660093333154,9.48166147455867,8.10632389226899,9.87289682480164,9.05287649056604,8.04428224550044,9.1307068593831
2014-01,9.36610548585618,9.29973021715127,6.57782727347906,8.1620096933946,8.23138020490977,10.2614227340267,9.78968430858923,10.1793010843706,9.61358937544867,9.16946594559497,9.91147972771344,10.778197800313,13.1516614515194,9.99925628245067,8.39177610692729,10.4612330328619,9.71203788679245,9.00804007616624,9.43789388467941
2014-02,9.77590862434503,9.91422598454177,6.95575433470243,8.42582481200258,8.39617043094155,10.9459509658247,10.2008900263953,10.5427486166924,9.87485334837452,9.59957171416854,10.0823335791945,11.1796227515383,13.3961598532565,10.5772479750779,8.93205929867145,10.726561126693,10.1094655471698,9.24473330120752,9.88187052584662
2014-03,10.1326851963909,10.2266172248804,7.11965818562726,8.79506108138633,8.533857001376,11.4822622585438,10.4880194533625,10.9870853863906,10.1576966464978,9.80219691921263,11.3135246921574,11.7575255450979,13.8448270234547,10.8720886812046,9.27563996431471,11.0995585919338,10.3690539245283,9.44088185344081,10.2816263860211
2014-04,10.4491154678823,10.3939116672801,7.19867519364887,9.78371217199478,9.05858377374035,11.7175891530461,10.5399885804154,11.3305876273044,10.3072105425085,10.1145099019206,11.411993896637,12.0334275239586,14.1960309132352,11.095492211838,9.61506859774475,11.3898813612707,10.9177293584906,9.90057077892609,10.5445926303246
2014-05,10.7096372943196,10.5265561280824,8.1640372687929,10.0244500237663,9.64781724642635,12.0179234769688,10.6679625557832,11.4696506312873,10.3180002051072,10.277150399836,12.1136684927959,12.2869590721008,14.3707926574323,11.2305734164071,9.83512630504497,11.6955854693804,10.9284561509434,10.438061644124,10.7886913414046
2014-06,10.9597843577572,10.7138825910931,8.23628139041266,10.2950834257578,10.1774226767982,12.1719910846954,11.0168053211257,11.7632896436813,10.5584555430212,10.5840600437427,12.1997475324734,12.3118151062324,14.491781557261,11.3124014537902,9.99965058149348,12.0423064808843,11.3736180377358,11.0078786673716,10.95908875083
2014-07,11.2035912882506,10.8865910931174,8.33245637731896,10.33389519271,10.4387019167565,12.4976783060921,11.1071016793801,12.2120587003591,11.0825248692442,10.9201477171759,12.4651579048123,12.4727579272345,14.841305045655,11.6137364485981,10.1548327854623,12.383900379464,11.5752817358491,11.3996278708542,11.18314070786
2014-08,11.4583493574659,11.1318479941111,8.68374341869504,10.3517276261746,11.2144085399521,12.7408060921248,11.1947995812819,12.3777154262191,11.3206681366014,11.0428035079625,13.0566252456266,12.5125275818451,15.4109611156819,11.8319445482866,10.34582626727,12.7094720501552,11.2486509056604,11.9535557655689,11.4584887708415
2014-09,11.7159893052922,11.3787291129923,9.12352950905533,10.8221891796366,11.3515530372746,13.3102711738484,11.3448604356471,12.7322983845818,11.5534165726592,11.1838306506732,13.1453127410519,12.6803058122333,15.6050474758237,12.1235381100727,10.6208984013953,12.9485236902494,11.3677183018868,12.2631198214678,11.7255822880377
2014-10,11.9419285883972,11.6423938167096,9.30865507070596,11.1830337156252,11.5158011901945,13.5891530460624,11.8190787200048,12.8580645276261,11.66593733976,11.4475135841706,13.2816045538746,12.7132400574577,15.7251961749592,12.3917522326064,10.8772863905611,13.1414313140252,11.7351109433962,12.3195536228087,11.965553726225
2014-11,12.1597986113913,11.8308030916452,9.40212090305152,11.6540197524244,11.7711176259213,13.7601225854383,11.9288635009041,12.982168563053,12.14299456466,11.8062952805687,13.4935415833835,12.7486599060952,16.0495136425556,12.7151678089304,11.1113572065809,13.3413887180718,12.1261025283019,12.3365385533093,12.1984498394535
2014-12,12.3367459581087,11.9731928597718,9.69154891529068,11.8029730201871,11.8708590785195,13.8680349182764,12.1861106798159,13.1029483832453,12.2801774177007,12.1164469277561,13.6076615223499,13.0046770576507,16.3729909094587,12.9710427829699,11.2561593300166,13.5548047935446,12.3679916981132,12.3995471664569,12.388894002929
2015-01,12.5782473857132,12.2363161575267,10.0595424097913,11.7080415361552,11.9760212622372,13.9668462109955,12.3894398894103,13.138960714954,12.6747707927392,12.6529984707129,13.7615604114703,13.5247895718543,16.8065344671783,13.6217705088266,11.392657389026,13.9130618091281,12.8726872830189,12.4231069087643,12.6377095973148
2015-02,12.7609584896527,12.3695020242915,10.3769650191581,11.6314669689251,12.1635785589707,14.2158246656761,12.5921194849166,13.2846721494061,12.8458640139473,12.9242460785319,14.002842568142,13.8174693737538,17.2434388276709,13.8516683281412,11.5286364440086,14.1469863362981,12.8308527924528,12.5118668681547,12.8658888272374
2015-03,12.9730647554247,12.5449175561281,10.5535115913664,11.8695824040106,12.3023492756291,14.3256872213967,12.9721437264909,13.4359239425827,13.0354537996103,13.0512245403595,15.1342602487515,14.0337168706987,17.3963553538433,14.0374049844237,11.7154778936032,14.3873197546233,12.8233440377358,12.5825460950768,13.1318031236072
2015-04,13.2802730153608,12.7766393080604,11.049286875982,12.8346317444454,12.45575596631,15.0251671619614,13.0767315946849,13.6065669912947,13.4076971592657,13.3473275066639,15.8111545153063,14.15861844221,17.5005402398069,14.254963655244,12.0632105914596,14.6507251811078,13.4154629811321,12.7156860341625,13.4366317072505
2015-05,13.5742246336861,13.022979020979,11.1445588113681,12.9898788122545,12.8758626280686,15.3502043090639,13.2592731534582,14.0071349270701,13.7259922059276,13.7379889019889,16.2943709425867,14.3263966725982,17.945846607232,14.503045482866,12.2874203309731,15.021799979002,13.6053272075472,13.0241542880936,13.7420499013071
2015-06,13.7575121133478,13.0727883695252,11.8769335942884,13.2862118977684,13.0840187030561,15.4496656760773,13.5223668591635,14.1888586932309,13.8038319146754,13.9795181464015,16.5369573271324,14.3742445383016,18.5239046841914,14.8219150571132,12.4898319013671,15.1845858143476,13.6460890188679,13.2356440678759,13.9395693897414
2015-07,14.0382070900623,13.3721858667648,11.9780753645561,13.429395848822,13.5133406077179,15.5159732540862,13.6685300289997,14.4392829075746,14.0666372679725,14.5468687205249,16.7945423322279,14.5892492335399,18.8280573351496,15.1459800623053,12.7384348301332,15.501825926537,14.2419623396226,13.2844072554423,14.2237616089215
2015-08,14.2952706621665,13.7251825542878,12.1054056289109,13.3979268485905,13.653737543712,15.9170690936107,14.1154645216546,14.5833322344094,14.3279012408984,14.7278805703643,17.9787812417303,14.7427352443025,19.5136611008457,15.4115964693666,12.9662775978332,15.7908669176428,14.3363581132075,13.3249519282503,14.5409720112428
2015-09,14.5321610839933,13.9704394552816,12.5641558011964,13.853702868611,13.9166430030062,16.0841381872214,14.310348748103,14.7694882875498,14.4157599220593,14.9229411010867,18.0968138643184,14.9446905216217,19.9850136897617,15.7226728971963,13.2517298124915,15.9741612046856,14.7021417358491,13.4169992935441,14.7886083848022
2015-10,14.77942626882,14.0592300331248,12.742056950685,14.3178706220267,14.2391765046144,16.466381872214,14.8774618470677,14.9057811121704,14.5598789867706,15.1390746531338,18.1861534736807,15.0956909289711,20.3967120294566,16.0129676012461,13.4484323385924,16.2785835345642,14.8474897735849,13.4613792732394,15.0863616434867
2015-11,15.0681905056454,14.3266845785793,12.9253764092951,14.7154289916188,14.4332386786913,17.0885029717682,15.2672302999644,15.1102203491014,14.9552430519947,15.5545914069442,18.2004999802936,15.2205925004824,20.6118034069299,16.2896242990654,13.7577587384766,16.5451934066264,15.164466490566,13.5211004804836,15.4141850332463
2015-12,15.6583992451849,15.0305123297755,13.0974077239022,15.2514509622299,14.5633362255585,17.9238484398217,16.2923213310828,15.5667459079933,15.1926156291662,16.4747800047844,18.2004999802936,15.9706233304033,20.8907500370905,16.9039840083074,14.4407680375499,17.0329100235478,15.6723801132075,13.6416386969398,16.101081164667
2016-01,16.3062455569451,15.7348814869341,13.2477658020233,15.6128199815557,14.8598502177933,18.6993870728083,16.5677577044632,16.2271566679438,15.5078279150856,17.3149991883672,18.2337577910781,17.5632737173852,21.1982634908218,17.9521622014538,15.1357144292362,17.630859568341,16.8389187924528,13.8723050111583,16.7626240483186
2016-02,16.953515492983,16.3255553919764,13.7471532927199,15.6972617988438,16.6383920980903,19.5438335809807,17.1296738907226,16.5401869358733,16.0180248179674,17.7272739388969,18.3048382102057,18.0896002401218,21.7267497268791,18.6347119418484,15.5716778116234,18.5120821022003,17.0775899245283,15.6524353078229,17.26202406833
2016-03,17.5160581978566,16.9059425837321,14.1395291782672,16.1514643688528,17.3750694572257,19.9910846953938,17.5369819239997,17.2454746014916,16.4079940518921,18.0104088920785,20.1398868287849,18.5388730570504,22.4619253334772,19.1691919003115,16.0647316369423,19.1529712177343,17.3972483396226,16.1510252031646,17.8693227939638
2016-04,18.6624695093254,17.2053400809717,14.3996080160984,17.4883723953572,21.1305519767921,20.5481983655275,17.9455891854531,19.5768575527261,16.5251389601067,18.3265042119472,21.4186822591452,18.7576061574084,22.7400317629446,19.8420002076843,16.6875364689241,20.8801673840985,17.9260792075472,21.3895065101547,18.3699020348018
2016-05,19.601961936522,17.8669381670961,19.3293662651267,18.219502167404,22.9844420196496,21.1950222882615,18.3600429736999,20.5907431992943,17.5771310634807,18.7144639378716,23.0222304301069,19.25845524516,23.7642364080223,20.4147964693666,17.5122338672732,21.9491704288093,18.4806543773585,24.479120158321,18.9795592020885
2016-06,20.2336697280604,18.3958917924181,19.9335077321719,18.4980028194534,23.9569211824819,21.7293833580981,19.9665386137225,20.7203875934457,18.7046508050456,19.4098736415829,23.127220773956,19.8338724353065,24.0011730035202,20.8466666666667,17.9170570080613,22.8335974082462,18.9445881509434,24.9903117762921,19.6582007877239
2016-07,20.6699861497707,18.9492086860508,20.2676367946633,18.3191540014707,24.2387992006941,22.0362184249629,20.6941063924631,20.8533562028317,18.956666495744,20.0652986381655,23.4493650588096,20.7746733271874,24.2885216406134,21.5558429906542,18.2102942831194,23.4289833965773,19.9175082264151,25.02099423139,20.1015878184779
2016-08,20.5132119533306,19.1251656238498,20.6171177329989,18.4686317525706,21.9382409135926,22.2234398216939,20.9266682360248,21.0062701036256,19.4290995795303,20.0690809753264,23.7102106335899,20.8716118603006,25.1556087560525,21.8052236760125,18.395578720634,22.8925592068753,19.2149033207547,22.5022934084391,20.4329488707169
2016-09,20.7887195485453,19.5052326094958,21.42580036938,18.9789540396592,22.1138726018633,22.5133729569094,21.1618285359391,21.1192934216037,19.5901738283253,20.3057472148179,23.8993236753056,21.065488926527,26.1655299893449,22.126041536864,18.7168422131312,23.1181521755433,19.515253509434,22.6069424963625,20.737187843947
2016-10,21.3916085539733,19.8658089804932,21.8231430382887,19.8637574295035,24.0073339818929,22.721396731055,22.1752265134706,21.3198544074275,19.7042359757973,20.5575428029526,24.0323549184435,21.3550617241601,27.5157325034056,22.5124517133956,19.0972721646667,23.968612031857,20.1449162264151,24.3207767739762,21.1422501978406
2016-11,21.8152447097951,20.0672119985278,22.7460616919811,20.4202342502651,24.7315436594536,23.0873885586924,22.3025508747502,21.8938355712771,20.4749261614193,20.9503655337981,24.1034353375712,21.7105030122419,28.2551091134699,22.9443219106957,19.3780533430852,24.5518211269929,20.5375168301887,25.2516605456085,21.4818657958649
2016-12,22.0861412992322,20.1321807140228,23.0932850015161,20.6494334686183,24.9380735151053,23.3077637444279,22.4454659741457,22.1160039561262,21.3689267767408,21.441529030825,24.1093043630037,22.3511672919838,28.6289984219684,23.2469557632399,19.5155894101478,24.9703217194367,20.7193359622642,25.497668087376,21.7695956775244
2017-01,22.5034373221097,20.4662281928598,23.3420756953442,20.3835204166616,25.5457374735975,23.9246842496285,22.6715316768258,22.4367907262699,22.0810445082556,22.0369769667145,24.1093043630037,23.1223257509165,29.1826906788234,24.0041898234683,19.7730154073669,25.5650668186522,21.0658113584906,25.8231212718077,22.2147515395181
2017-02,22.9881693044854,20.9112638940007,24.2306783912672,20.2072940153648,26.861348916292,24.1223068350669,23.5615029776066,22.7199030570876,23.2155004614911,22.2601348592031,24.1093043630037,23.3143386145831,30.094308431005,24.4185254413292,20.0377074609592,26.2950395212455,21.0465031320755,27.3665583434311,22.5767723332454
2017-03,23.6521541364673,21.4142300331248,24.7801852413375,20.6363213851885,28.8133541924119,24.6566679049034,23.7511902913497,22.8899920699272,24.1942769972311,22.4746474096097,27.727884599143,23.5852693866175,31.0143281901191,24.5828309449637,20.396858247402,27.2973900979407,21.2787381886792,28.5237252214108,23.2100139170616
2017-04,24.1524482633426,21.7412392344498,25.4100636767098,21.5599365419851,29.9820638217688,25.1773774145617,24.0324731915235,23.0024613520329,25.7056004512358,22.7658873709931,28.0161189592753,23.8568215595052,31.4033411110961,24.9776836967809,20.7913013076571,27.9152072053155,21.7303361509434,29.8496456024291,23.5714451003757
2017-05,24.5893410607752,22.0817835848362,26.0914160487361,22.2742828472417,30.6276728980973,25.736441307578,24.4098989767451,23.1598075398063,25.8944195467132,23.3299959418358,28.2671828250013,24.2222052612396,31.8377248695089,25.5063187954309,21.1924914202586,28.3933104855039,22.1240094339623,30.3674120322069,24.0024503124517
2017-06,24.9651380316538,22.3313717335296,26.3957444110593,22.4804047987585,31.5199252403614,25.8684063893016,24.7314579503849,23.2977624720443,26.0508696543944,23.7271413437222,29.090150613433,24.7112477327788,32.8736923242923,25.8609069574247,21.428638252385,28.923966673166,22.2977834716981,30.7755982652064,24.3998477309732
2017-07,25.4054890834196,22.608030180346,27.1055429059735,22.1851206799189,31.7221185111175,26.6640973254086,25.5675112818484,24.0113606757491,26.0763024305199,24.364735322261,29.0934111831178,25.5172046394957,33.4357865880798,26.0992473520249,21.6793171972577,29.5751100145486,22.8089151320755,31.2999395067909,24.8190607347845
2017-08,25.8181741005195,23.1207416267943,27.4396719684649,22.0088942786221,32.4766842829473,26.8916233283804,26.3574420130524,24.45403533783,26.5109716952107,24.6289585896384,29.7077025117253,25.7054890980426,32.9686350026301,26.396036344756,21.9798205286889,30.1115342042506,22.697356490566,31.7130568486453,25.2990036111591
2017-09,26.2274008632861,23.5235476628635,27.6555012818039,22.7793603009584,33.0843482414395,27.1854569093611,27.0778640368232,24.5033445304773,27.0011306532663,24.9888209537967,29.752046259438,25.957156443625,33.5660176955343,26.9831200415369,22.3804916372638,30.5319574640409,23.2272600377358,31.7727780558895,25.7577205126573
2017-10,26.6297111173863,23.8862896577107,28.4542503514624,23.4695803727041,33.3510482125172,27.4272845468053,27.270799421007,24.76263331878,28.1718090452261,25.5053801431891,30.6565282899886,26.2473506421114,33.89789696937,27.5033125649013,22.8091889632779,30.9055958183973,23.8923211698113,32.1678146652756,26.1303542938228
2017-11,26.9663145391549,24.2344136915716,28.6967196846487,23.7926621084149,33.6302158651697,27.7165676077266,27.4793255433068,25.2119564113302,28.8554112398728,25.7674420750461,30.6454423530604,26.7090514761057,34.6574383960725,27.9572633437175,23.1735297899872,31.2119408156225,24.2307514716981,32.4910762457718,26.4711491126736
2017-12,27.8562386542418,24.347026131763,28.9653775119222,23.958923326305,37.5781343394771,28.2509286775631,28.4453016924025,25.7560196380679,29.0989493385294,26.2061931857016,30.663701543295,27.4180698497095,35.3043929298788,28.3547138110073,23.4330318033129,32.8019867112624,24.688785509434,36.3609008950001,26.8891828956584
2018-01,28.3063880932851,24.7877305852043,29.6106078231386,23.3557674885333,38.4270208327856,28.5278603268945,28.6284928652639,26.121129278007,29.456549584658,26.7946167811496,30.663701543295,28.3793769697489,36.4033754366562,29.3230122533749,23.7210790381045,33.4319807118324,25.2894858867925,36.6211538623487,27.3567439533551
2018-02,29.040114387654,25.2782443871917,30.1854001157758,22.9786639690916,39.9068804283999,29.4542161961367,29.3658048553269,27.5250561787741,30.5278089426725,27.1523178097874,31.2669069349744,28.8727692472611,37.6107438328635,29.9133430944964,24.0708877520676,34.591990010949,25.0738773584906,38.9935651226005,27.9215907292358
2018-03,29.6591419133038,25.8775807876334,30.4974044160212,23.9919657765482,40.6609041271177,29.9313707280832,29.6159062792689,28.1378198536946,31.1065972720747,27.4484207760919,34.6272500520813,29.1089015715113,39.0113583885195,30.4185987538941,24.603385883412,35.308504042116,25.4418063396226,39.5655737497836,28.5837232233006
2018-04,30.5594407913904,26.2717243283033,30.844176199796,25.2690827026127,43.2905007931708,30.2778603268945,29.8867953540322,29.6575402518021,31.1073679622603,28.0606190622651,35.0700354152708,29.5587957892931,39.7482143965041,30.8407275181724,25.1841513892349,36.5633649303316,25.8365523018868,42.902838642669,29.1173206472798
2018-05,31.2701120568711,27.1141520058888,31.2961534856796,25.988149357904,44.2575592248837,31.2932763744428,30.1693774823823,30.0304063939553,32.0013685775818,29.1293994771376,35.1782863288046,30.1491265999185,39.8801259053451,31.5492544132918,25.9071239983604,37.2619340662637,26.8137630943396,43.1904866592122,29.8743804178757
2018-06,32.4136414897289,28.3371880750828,31.5792601372771,26.7785457470536,45.158484736939,32.3288447251114,31.8148499676946,31.823820513049,34.3203753461183,30.1614371881621,35.4978221579104,30.8979146281328,40.3464372901016,32.6370477673936,27.0042985107016,38.4584740449657,27.7459213584906,45.0171885395077,30.9286038367429
2018-07,33.2856979574274,29.4292039013618,32.4136797419853,26.6799428796613,45.6523133419224,33.1635401188707,32.2098153332966,33.0255243203749,34.6617910983489,31.475529184608,36.6833652952868,32.2643751045173,41.5907745168121,33.6573005192108,28.0106473183787,39.1839605237502,29.1430860754717,45.6078258001432,31.7900246504816
2018-08,34.5012743555609,30.5753603238866,33.0792287124073,26.7801191970652,48.0222569873531,34.2979197622585,33.823456728289,34.6144992025376,36.60855450723,31.9018526160208,37.0015968965187,32.5632689149497,42.9040082003696,36.2777460020768,28.8483198173942,40.8188686574775,29.2777073207547,48.7390799230852,32.8059233924884
2018-09,36.5756505797822,32.5016827383143,34.8108300024809,29.1638959646065,49.5324726772364,37.2024517087667,35.2675488462714,37.8450823747449,37.6289483129935,34.3544280978744,37.7410941010208,34.2963558947752,44.2516901123505,38.8637717549325,31.366527354707,42.4063509966553,30.6276741509434,50.7378227123227,34.9963260776627
2018-10,38.5024746191187,34.6905870445344,35.6064183918185,31.3425997473055,52.3301120079931,39.222882615156,37.4606460079036,40.0673202591084,37.7491759819506,35.5004762576037,39.1724841926276,35.5136801663701,45.5195529584721,40.9516855659398,33.3864910264344,44.2328849759273,32.668982754717,54.5545009661135,36.5817884788561
2018-11,39.5774153410339,35.9856301067354,38.0613639496099,32.7288092075061,53.4522033497226,40.354661961367,38.3584126777423,40.9609801213568,38.4882678699621,36.1710306028296,39.4483283879577,36.4401888386253,47.4671381654371,42.5239528556594,34.6933431655428,45.0532230438108,33.8634110943396,56.2858680752118,37.5310612441671
2018-12,40.5197896468416,36.6786297386824,38.7291705488326,33.2475232279898,54.5433965240712,40.9026745913819,40.5476121548456,41.7122527643877,40.2924535945031,36.7535105255963,39.5265820603918,37.9296866839611,48.4375699661465,43.42211298027,35.3462502310703,46.3176972687595,34.7553438867925,56.6666592590167,38.584695052621
2019-01,42.0667820852439,38.0121126242179,40.2873859470188,32.8494403750604,56.6032743494684,41.7568722139673,41.0725003380798,43.803738182855,46.0695472259255,39.0018398007655,40.0443605263306,39.824337885642,49.3248218982237,44.9956791277259,36.2098729314183,48.6242571955664,36.0865388301887,60.4658046813229,39.7656847103341
2019-02,43.4840899861498,39.6655664335664,41.0382732861041,32.7943696246552,60.3397843101167,42.2730312035661,42.7179728233921,45.2974188949577,46.3809060609168,39.5486576874445,40.4128049007077,40.9807648736145,50.4406084188662,46.2828471443406,37.1830054813898,50.5353885380889,36.4174603773585,64.559720832963,40.8499782602763
2019-03,45.2172517828248,41.5577802723592,42.7134338561623,34.6583834050385,63.1162827895074,42.9874628528975,43.4734740079236,47.4276868244959,48.0224761562917,40.2570354042786,46.5674562376483,41.9501502047467,51.9731344833632,47.7544529595016,38.6491918566801,52.5670070343317,37.3678541886792,67.9523237252214,42.3947575429564
2019-04,46.889317752946,42.849033492823,43.0398869807316,37.1386651066233,66.0039062568471,44.7647659732541,44.6213421017044,49.269302064492,48.8817957132602,41.5797727428064,48.0353647097243,43.451454666295,54.0165025693592,49.0857821391485,40.2399391983668,54.3320156585124,38.5440469811321,70.4332193802838,43.9937809836543
2019-05,48.3613813474615,44.1635671696724,44.2201753176944,38.0407764465949,68.9267644764634,46.0057578008915,46.8170377196893,50.152435245164,49.7318669880012,42.7144738910532,50.7585925104303,44.2754321977574,55.3230146473706,50.5203705088266,41.4928149187034,56.0489575990281,38.8588783396226,73.4653034251414,45.3404511674868
2019-06,49.6979966472584,45.4748524107471,45.5648190313422,38.7818714020484,71.2148550819902,46.8177005943536,48.2539840827018,50.8809924174248,55.4480760947595,43.7902786463673,51.3031076477842,45.2814801792338,56.5026564207005,51.5594566978193,42.6605739786692,57.5749145831146,39.3560651698113,75.4761000360246,46.6700226493355
2019-07,50.7954160223397,46.6572830327567,45.8068368387684,38.6240019175533,71.8528751347514,48.0931463595839,50.2275116825355,52.261095775677,55.5297692544354,44.8774304131638,51.9421793059958,47.2873621336535,57.9679664297371,52.7134917964694,43.5236776749906,58.9335995080467,41.2638252075472,76.4173939263508,47.6994824308468
2019-08,52.5193558074594,48.3015329407435,48.0436954544202,39.5366029242688,73.3826054566648,50.6479383358098,53.2118388035481,53.4423002557226,58.1809434929751,47.1954627588682,52.6523313833351,48.3922128508029,59.048464521263,54.58254807892,45.4138903400551,60.4775013873682,42.3504492830189,76.9948815633728,49.7177188753559
2019-09,55.1597329908875,51.0421299227089,51.2436585164154,43.6249505376868,74.4689199730059,54.2994056463596,56.6268600650115,55.1321096666696,59.6822479745667,50.5136531166701,53.4576920954692,51.4134637994983,59.6844964460569,58.507046728972,48.8092146824089,62.2860904714052,45.2799363018868,77.9641184038776,52.6339319792245
2019-10,56.684823151846,52.5889267574531,54.7226644981669,46.2908993406379,75.1297070964689,55.4532875185735,59.0888974591424,56.377028272046,60.8721936211671,51.7007666512884,54.5369406611226,52.5009152927556,63.5426980294836,61.284004569055,50.8078991890437,63.289081937216,47.5706428301887,78.6994015242605,54.2117294450458
2019-11,58.9545907458954,55.1735988222304,57.9289489208038,48.5697794407407,75.6294985056837,58.0964895988113,61.7328267979585,58.4895670536661,66.5907147984822,53.7502530585743,58.1483476439555,54.668982869884,64.5509388613895,64.2207219106957,53.4527437088594,65.1476603722646,50.4609770566038,80.277356357869,56.5395113565042
2019-12,61.0093701955617,57.2087438351122,60.2195391019103,49.5421715478962,77.2741483273298,59.1366084695394,65.6064756056637,60.6996161488359,71.2819059583632,55.394489055772,58.8298067080689,57.2496606135969,65.2323416236192,66.330066874351,55.3912237484026,67.3350149235823,51.9975900754717,82.6815458751866,58.6084542965517
2020-01,62.4952668074101,59.9455509753404,62.7855599966921,48.9904150771693,78.0314244647192,61.6783989598811,65.4947419825,62.2459302688206,71.337395651728,57.2959239799057,58.8271982523211,59.54138696053,68.049534548103,68.4199289719626,56.867790204226,68.8334136757008,53.4263988301887,83.1669861469148,60.2876647534497
2020-02,63.6497473789898,61.1875362532205,63.6859023623784,48.9767785104023,79.5112840603336,62.8459323922734,65.8955538748954,63.1844670367367,72.3531653163778,58.9055786087759,60.1431641770876,61.3695482709088,69.3703300378997,70.0902600207684,57.7340079247072,70.3087404196601,54.0351443018868,83.7318720613073,61.6219531186043
2020-03,65.39731856872,63.4056764814133,65.3877029522838,50.8874713077957,80.1986327662819,63.8925520059435,66.9992482106813,64.5097208436172,78.0400881960824,60.7573028159388,66.3558536544168,62.9379640246125,71.0339274105445,71.1735073727934,59.4026058703917,72.1474512921272,56.0909340754717,85.2369560640582,63.3837090333555
2020-04,66.683789180685,64.5096032388664,66.7802083965047,55.2359626564614,81.6557252911945,65.0951894502229,68.0165438727417,65.2199948320874,75.2748518100708,62.2626730059463,70.6774127145889,63.5792497052076,71.5456096327367,71.4170431983385,60.9258826886137,73.1741556552128,60.2835009056604,85.2769528358824,64.5352181704067
2020-05,67.3241426080564,64.9476006624954,67.3288121950547,57.1340678537622,82.1273288985881,66.1307578008915,68.1146356000541,65.4549060420027,75.5407399241103,63.3444214339416,70.9871668346405,64.3591077760864,70.3668080601001,72.3229964693666,61.8268736788806,73.527285557872,61.8233319622641,85.3284555283682,65.1714078062891
2020-06,68.2780444283082,65.7288494663231,71.1654265788241,58.9078705001483,82.8992410100001,67.9854197622585,69.0682690814747,65.1468620969251,75.7842780227669,65.4690142505639,70.8789159211067,64.9152615397809,70.8776500815991,73.2081680166147,63.2837179816912,73.9259185877342,63.5095837358491,85.9842930060868,66.0917896613515
2020-07,69.3794984334449,66.7098770702981,72.7611186151005,60.1734487927946,83.6798262912033,69.743220653789,69.9556419259029,66.0294412417247,76.0147143882679,67.8907907012508,71.1710629648606,65.5155347640589,70.956628946765,74.6589921079958,64.9414168428159,74.4123534264245,63.9649360754717,86.3371412397131,67.4136962078281
2020-08,71.0515644035661,68.8646728008833,73.9788835901535,61.2843045009689,85.5684090132253,72.1679977711738,71.0132136614293,67.4167470663186,76.2513162752538,69.7506199166154,71.9653377400665,66.8248263619407,72.2883470455741,77.9197744548287,67.086979488993,75.5627493888081,65.3535193584906,86.6269808601919,69.376509273493
2020-09,72.6440905240227,70.5181266102319,76.8767759186261,64.246586389434,86.3522467331002,73.8945950965825,72.6411465663613,69.3508862970124,76.5218285304071,71.022025536532,71.9881617278598,68.9910297365092,73.289866271934,79.1069304257528,69.3295958881539,76.4388448097431,69.209801245283,87.8214050050762,70.7650417966654
2020-10,74.4446882801959,73.3226094957674,77.6692036276429,69.0199092412258,87.4293460065382,76.1672548291233,74.1768342707744,70.6257228395007,76.5318475028202,72.5003790325337,71.998595550851,70.0070201316382,74.707284841455,80.7382957424714,72.1233945636187,77.1425410585994,73.9499708301887,88.6103824218805,72.3876496538927
2020-11,76.7156086256897,75.5017684946632,79.8582005127216,71.4671484925674,88.8793915809954,79.3181649331352,75.9697691540993,72.9388226069446,76.5726940826582,76.4761557224386,72.9728537726554,72.9785590120704,76.7682971420094,82.304718172378,74.8668498484982,78.8940910113539,76.3736895849057,89.4382608085411,74.9088237808927
2020-12,79.5986399881668,77.9137320574163,83.5300079940458,74.3675413472437,91.29215900227,80.9797548291233,80.7892560741672,76.5478122800296,76.6089165213824,79.7403126922288,74.0997066557061,77.2270766460133,80.0207140255992,83.7354099688473,77.5210364407938,82.0357294557017,79.0478789433962,90.8156838820453,78.1021537789825
2021-01,82.6517021886948,81.1811170408539,86.9403820602586,76.4848805794911,92.7356996993839,83.2654160475483,82.4496696835072,79.7767333446196,83.7825007691519,84.075411412412,74.0997066557061,82.9495571039599,83.0807249504336,86.6578398753894,80.5634380450246,85.1055883191097,83.9940029433962,93.0538594012436,81.0796863658277
2021-02,85.0073497653529,84.7127081339713,89.8432411720925,78.2487180424706,94.2627196557376,86.3617199108469,84.1769935439278,82.3092313175504,85.6175141011178,86.1519145137038,76.3253715225188,84.9144266020625,84.97705791511,89.2555553478712,83.8290113807155,86.4572234637709,85.9157078113208,94.2592415658057,83.7069903672103
2021-03,88.3128645322074,87.5946120721384,94.802800121289,83.0414467777385,96.43263832286,88.0727154531946,87.7693594514593,85.9625438604307,87.8409552866373,89.0189260816075,90.1091038078454,87.6523187616577,87.3018932333464,91.718189615784,86.9788468184631,89.9404558066984,88.5550350943396,97.262286858517,87.1685931033228
2021-04,91.8673736110551,91.5522896577107,97.6591520798302,89.7878759440497,98.4084948159055,91.8639487369985,91.4422775059227,90.4280729923105,87.9141708542713,91.6346823952566,94.8004114702686,91.2955919644963,91.4844122843694,94.0308058151609,91.4241163067328,92.5149073837985,93.1418115471698,99.9338520559738,90.7705231177856
2021-05,95.1786521351316,94.6778262789842,99.4232632246327,92.3977050299212,101.772058475534,94.7385772659732,95.8115818628949,95.3883561582807,92.2739652343349,95.6142414223225,95.5601242068162,93.7358331153657,92.5665907772817,95.9836384215992,94.7540461417285,95.8116409941055,94.5105502641509,103.72313526057,94.2580687120806
2021-06,98.2334434628262,98.2191626794258,104.721918019682,95.052115199454,104.432553308969,98.3776931649331,98.4210816550384,98.334164892053,98.8055645574813,98.1786660173604,97.082810249596,97.0833195120382,94.3377338386631,97.6890386292835,97.9620100304611,98.702050905164,96.3534132075472,107.110259142989,97.4219181895085
2021-07,101.128002339747,101.894226352595,106.876598946991,97.0614108642397,106.153635439399,101.593610698366,100.153602428164,100.199049638692,98.9990077940724,102.835803730094,100.744430005574,101.977472632549,99.1344395964555,100.65498026999,101.103541403782,101.328414500622,101.998924075472,107.491598227778,100.436006621974
2021-08,104.077316910278,103.922874493927,108.943683876837,98.5436007751466,109.185992427629,106.928120356612,105.498627145555,102.54483752261,101.047502307456,105.061979316178,103.913051625217,105.961273502991,101.745783351092,103.830038006231,103.702194565226,104.670651238132,101.751671509434,107.958957767038,104.24430028107
2021-09,107.601278075849,107.14748840633,114.568340270695,104.782854554392,112.325137818912,112.945208023774,111.212632665021,103.613018684677,104.771477284381,108.218609843825,104.888614074896,109.099347812105,104.48147680833,106.464121495327,107.403212279278,108.005197306256,104.709048188679,108.967095577399,108.306716028271
2021-10,111.573659553296,111.086216783217,117.589950657441,112.536291728114,113.843484605474,116.092867756315,117.163747326665,106.403697374166,106.588764742078,112.902764250564,107.583148862376,115.069145809661,106.846641759842,109.798289304258,111.791910328642,111.523037661422,113.046447622641,109.525954580969,112.362056450513
2021-11,114.373116436054,113.308688259109,118.626653802685,116.27375998895,117.167476927931,119.026002971768,119.449739302904,109.4065718028,106.97565121526,114.53997590732,107.635970091269,120.910935231439,111.274499413296,112.78955867082,114.351119184061,114.593537413946,116.083202566038,109.845928755562,115.588994242157
2021-12,118.765099439267,117.491049319102,124.542544311823,122.029964614641,118.90753161728,124.913075780089,120.442999243703,116.358613930198,109.639927186955,118.147785224865,107.635970091269,130.073490813198,116.651783850127,116.161393354102,118.308005883251,119.475189806968,122.220000528302,113.430844893166,119.930295714818
2022-01,123.546712430693,123.272723592197,127.402056950685,125.251341271679,120.546760707806,128.514487369985,126.80661885133,120.174813019576,117.411567018767,125.060816887089,107.649664483945,138.304566515876,122.013104473787,121.004184423676,122.791681669493,124.59525295097,134.546157735849,114.728822324006,124.41369329707
2022-02,128.59,132.39,131.04,129.1,123.7,136.5,129.7,124.36,120.24,126.49,115.82,144.92,124.59,125.08,129.15,128.19,142.13,117.11,129.64
2022-03,136.12,139.95,137.36,141.34,131.69,146.38,136.97,129.03,123.98,129.37,141.33,149.29,133.23,130.32,136.48,135.87,144.96,129.44,136.6
2022-04,143.28,148.57,142.52,153.09,136.81,150.43,144.07,139.06,128.67,136.54,149.01,155.9,138.13,137.0,144.77,142.23,154.36,135.1,143.83
2022-05,151.18,155.91,149.34,161.15,145.73,161.29,154.41,145.28,137.25,140.95,151.66,165.01,141.6,146.33,152.53,150.23,154.19,142.16,153.1
2022-06,158.92,164.46,158.35,170.09,153.59,173.77,167.06,151.29,139.07,145.5,154.99,174.13,145.44,153.73,160.44,157.85,163.93,150.25,160.47
2022-07,171.1,177.07,171.24,186.13,164.49,184.34,175.63,156.04,149.71,164.8,166.33,195.6,151.64,167.64,173.62,169.33,188.73,156.64,172.36
2022-08,181.72,189.56,182.64,203.04,171.37,199.56,191.38,164.04,155.88,173.15,175.81,206.39,162.59,179.65,185.98,178.7,197.7,166.72,183.34
2022-09,191.95,202.96,200.88,222.01,181.6,210.95,194.23,178.52,160.61,182.47,177.4,214.75,171.52,190.22,198.75,187.14,214.91,170.72,194.2
2022-10,205.31,217.09,213.76,235.49,192.12,224.84,211.48,185.72,172.6,193.86,201.25,234.68,179.09,199.59,211.26,201.11,230.1,188.6,206.13
2022-11,217.2,226.29,227.63,243.88,215.95,237.31,215.49,196.26,179.11,207.63,203.51,248.5,193.62,208.14,220.65,214.77,240.71,200.7,218.15
2022-12,229.69,236.84,244.51,259.99,229.62,253.1,228.99,203.27,182.67,215.39,221.04,270.81,207.0,219.84,232.16,227.95,257.74,210.89,230.59
2023-01,246.41,251.38,259.81,266.0,243.45,265.87,242.21,225.89,204.85,237.47,222.32,302.17,226.0,234.24,244.15,248.01,301.96,224.73,244.12
2023-02,261.19,270.64,274.63,276.66,264.18,278.53,258.76,229.58,210.69,258.09,231.22,319.93,249.43,246.04,258.82,262.87,311.16,235.96,260.63
2023-03,279.75,295.31,296.56,304.65,280.94,293.57,276.52,243.98,218.61,262.56,284.86,332.78,272.72,263.64,279.24,280.12,316.43,263.48,278.75
2023-04,301.46,326.09,311.39,333.33,299.04,320.86,287.5,263.8,238.28,281.16,299.4,359.92,289.18,281.1,303.41,300.08,351.3,274.52,301.36
2023-05,324.2,347.65,338.11,359.82,336.28,344.36,305.2,283.82,249.97,298.6,306.94,383.52,305.92,302.04,325.83,323.04,363.42,302.89,324.14
2023-06,347.38,367.66,352.11,374.43,370.6,366.32,325.78,298.83,269.65,319.2,334.86,414.06,331.66,322.86,345.6,348.64,373.84,324.16,349.65
2023-07,372.82,388.18,377.74,387.67,396.18,385.85,351.74,315.27,287.54,355.86,371.58,465.2,349.79,341.35,367.43,376.63,408.43,345.81,374.77
2023-08,413.08,436.53,402.96,425.97,450.99,433.16,389.89,344.18,317.23,383.7,403.21,503.62,367.32,375.99,413.08,413.08,435.12,384.85,417.28
2023-09,462.47,498.14,447.87,491.64,494.1,478.57,423.81,387.7,356.02,440.35,438.08,573.11,421.63,413.31,471.03,456.42,505.37,407.03,470.8
2023-10,505.82,542.75,488.64,547.45,553.32,529.88,449.03,408.16,383.51,481.67,504.74,620.76,468.81,453.3,513.68,500.26,540.57,439.63,518.12
2023-11,565.99,619.9,549.41,601.19,608.83,595.02,507.49,451.77,439.18,545.94,547.38,697.54,516.88,498.27,583.47,553.63,604.88,475.83,583.95
2023-12,685.4,808.44,677.16,698.41,679.67,725.22,606.13,589.04,536.78,632.39,634.46,835.44,581.16,632.43,760.55,632.28,721.77,557.36,713.61
2024-01,834.2,1013.41,831.04,772.56,747.54,871.91,789.71,787.26,626.28,825.58,643.97,1036.67,721.69,857.98,944.7,756.07,971.0,681.77,854.4
2024-02,951.99,1161.94,1008.2,848.47,846.22,937.2,956.24,952.97,747.85,903.43,704.55,1119.34,938.23,981.07,1070.69,868.08,993.87,862.76,969.29
2024-03,1077.95,1290.14,1140.57,946.25,997.95,1018.01,1118.08,1033.81,931.42,957.98,963.53,1204.5,1078.86,1079.24,1174.07,1010.01,1047.84,1056.08,1087.97
2024-04,1183.17,1356.48,1207.2,1004.62,1226.76,1088.33,1263.61,1079.18,1040.49,992.27,1109.09,1278.48,1205.24,1149.54,1230.45,1149.75,1070.95,1299.47,1168.88
2024-05,1234.95,1421.06,1279.43,1027.21,1285.19,1150.08,1210.39,1135.3,1120.21,1050.65,1177.48,1351.13,1357.15,1199.29,1277.01,1205.21,1112.51,1327.76,1228.25
2024-06,1294.53,1459.9,1319.98,1060.79,1378.54,1185.86,1262.91,1188.11,1174.86,1097.15,1253.73,1436.93,1516.34,1239.93,1311.93,1282.22,1138.84,1441.25,1278.51
2024-07,1360.55,1514.8,1407.37,1069.76,1457.36,1198.22,1355.3,1230.44,1221.19,1180.66,1325.88,1570.08,1618.2,1289.02,1356.56,1363.36,1264.25,1504.65,1336.72
2024-08,1417.46,1562.1,1474.77,1108.85,1520.94,1220.56,1428.94,1341.52,1272.36,1188.21,1405.79,1606.42,1724.28,1336.08,1398.96,1430.54,1226.4,1610.71,1394.37
2024-09,1474.29,1596.88,1542.07,1171.08,1586.67,1294.56,1500.22,1409.82,1292.74,1249.45,1456.05,1665.15,1843.77,1398.63,1442.57,1496.71,1262.31,1687.67,1448.93
2024-10,1522.05,1624.04,1603.07,1229.19,1655.37,1337.24,1568.2,1412.5,1315.21,1302.08,1517.72,1742.89,1972.44,1452.13,1474.85,1555.42,1269.46,1740.46,1501.2
2024-11,1570.26,1651.79,1665.15,1256.76,1725.33,1381.98,1634.54,1478.45,1330.48,1337.96,1562.44,1796.96,2035.85,1496.35,1499.91,1620.0,1263.31,1822.05,1548.48
2024-12,1622.53,1690.39,1738.18,1262.86,1792.99,1389.96,1694.55,1530.59,1387.82,1368.92,1624.4,1890.83,2153.27,1541.86,1528.83,1688.77,1286.93,1873.35,1605.1
2025-01,1673.49,1723.28,1780.1,1250.7,1849.06,1418.69,1748.43,1590.27,1409.24,1473.66,1639.41,2004.2,2303.52,1582.58,1550.22,1760.63,1433.21,1902.6,1648.08
2025-02,1707.89,1767.15,1806.35,1264.19,1906.47,1430.42,1801.06,1567.16,1432.22,1502.11,1678.1,2059.03,2377.77,1633.91,1579.76,1798.46,1364.38,1931.4,1698.71
2025-03,1761.98,1850.3,1821.27,1321.09,1958.06,1437.88,1842.54,1599.68,1475.2,1505.83,1918.2,2082.89,2526.79,1676.5,1627.06,1857.37,1407.69,2022.4,1744.72
2025-04,1802.79,1890.89,1884.01,1370.46,2004.17,1461.98,1886.64,1641.04,1504.99,1521.7,1942.73,2137.11,2559.14,1738.0,1662.95,1901.64,1392.12,2053.03,1796.25
2025-05,1831.11,1912.67,1888.04,1382.66,2046.54,1461.29,1941.37,1639.45,1561.58,1544.86,1989.88,2157.73,2653.07,1775.13,1676.42,1940.46,1342.16,2087.2,1834.24
2025-06,1870.43,1942.41,1943.52,1387.49,2109.25,1470.59,1991.24,1689.83,1572.32,1589.26,2041.94,2190.01,2744.66,1818.88,1699.65,1991.15,1358.84,2136.89,1874.09
2025-07,1916.97,1977.8,1960.81,1364.77,2157.91,1479.1,2027.93,1751.09,1616.82,1646.06,2082.73,2306.29,2848.09,1859.98,1719.41,2056.63,1481.09,2181.13,1910.4
2025-08,1947.42,1997.52,1993.54,1359.69,2199.28,1492.04,2070.2,1802.9,1635.81,1665.14,2104.59,2334.89,3009.85,1902.08,1743.36,2091.67,1440.71,2221.68,1948.35
2025-09,1990.42,2038.17,2014.94,1389.65,2252.7,1523.13,2111.16,1866.24,1665.29,1716.16,2144.9,2358.44,3086.51,1955.25,1784.03,2136.31,1478.57,2267.31,1991.39
2025-10,2033.44,2080.1,2065.68,1425.24,2298.08,1544.28,2153.84,1901.91,1694.99,1771.86,2197.19,2407.61,3196.26,2020.25,1823.76,2181.67,1519.93,2310.92,2034.51
2025-11,2082.5,2126.41,2098.38,1439.7,2354.91,1570.28,2196.84,1956.77,1723.12,1843.57,2245.57,2471.65,3264.06,2095.47,1864.96,2236.28,1533.58,2372.36,2085.4
2025-12,2137.99,2177.69,2146.51,1457.67,2405.01,1594.98,2250.96,2063.76,1764.85,1830.1,2303.6,2576.94,3410.76,2137.4,1912.16,2297.64,1525.63,2449.34,2144.36
2026-01,2203.37,2264.02,2199.98,1443.82,2462.87,1621.76,2300.75,2139.95,1780.17,1965.5,2305.09,2713.47,3547.74,2191.63,1956.9,2377.61,1767.41,2490.06,2190.94
2026-02,2260.6,2328.9,2229.67,1443.68,2608.04,1672.47,2368.99,2132.0,1822.31,1967.38,2343.59,2754.77,3724.62,2241.88,1994.68,2448.59,1651.93,2603.0,2258.35
2026-03,2328.35,2388.77,2278.65,1498.68,2692.78,1738.47,2424.85,2259.76,1856.75,1981.58,2545.54,2765.67,3744.58,2280.05,2050.48,2524.79,1576.77,2772.2,2320.07
2026-04,2386.16,2421.67,2303.09,1540.18,2752.67,1783.92,2484.76,2382.18,1919.84,2019.64,2576.79,2822.41,3794.75,2355.15,2102.2,2586.89,1605.08,2862.56,2373.59
2026-05,2436.43,2490.13,2331.88,1547.1,2813.59,1835.96,2560.36,2409.96,1962.08,2055.7,2656.99,2850.71,3878.83,2401.16,2143.93,2643.2,1606.71,2941.6,2423.32
2026-06,2480.63,2528.99,2379.83,1536.79,2874.78,1911.34,2634.9,2461.34,1974.22,2092.21,2684.48,2884.65,3938.37,2444.46,2175.04,2696.66,1607.92,2999.94,2469.99
